branch,area,fullName,phoneNumber,nationalId,spouseOrFatherName,age,dateOfBirth,maritalStatus,presentAddress,permanentAddress,businessAddress,businessType,marketLocation,dailyIncome,monthlyIncome,religion,placeOfWorship,pastorOrImamName,pastorOrImamPhone,guarantorName,guarantorGender,guarantorAccountNumber,guarantorPhone,guarantorNationalId,guarantorRelationship,guarantorBusiness,guarantorOccupation,guarantorEmployer,guarantorDob,guarantorResidentialAddress,guarantorReligion,guarantorPlaceOfWorship
Makola Branch,Accra Central,Ama Serwaa Mensah,0244123890,GHA-712345678-1,Kwame Mensah,38,1988-03-14,married,"Hse No. B12/4 Makola Lane, Accra",Mampong Ashanti,"Stall #48 Market Circle, Makola",Cloth & Wax Prints Trader,Makola Market,280,7200,Christianity,Action Chapel Makola,Rev. Emmanuel Addo,0243110022,Kwame Osei Mensah,male,,0249876543,GHA-612345678-3,Brother,Transport Operator / Metro Mass Transit,Transport Operator,Metro Mass Transit,1982-06-20,"Hse No. 15 Darkuman Junction, Accra",Christianity,Action Chapel Makola
Makola Branch,Accra Central,Abena Konadu Boateng,0208112233,GHA-723456789-2,Kofi Boateng,34,1992-07-22,married,"Hse No. 24 Tudu Street, Accra",Abetifi Kwahu,"Shop 14 Central Lane, Makola",Footwear & Bags Retailer,Makola Market,220,5800,Christianity,Presbyterian Church Adabraka,Rev. Dr. Samuel Kusi,0207889900,Isaac Kwabena Asante,male,,0201122445,GHA-523456789-4,Cousin,Accountant / Ghana Audit Service,Accountant,Ghana Audit Service,1988-11-15,"Plot 12 Dome Pillar 2, Accra",Christianity,Presbyterian Church Adabraka
Makola Branch,Accra Central,Fatima Al-Hassan,0559988771,GHA-734567890-3,Ibrahim Al-Hassan,42,1984-01-10,married,"Hse No. C4 Cowlane, Central Accra",Tamale Northern Region,"Stall #29 Grains Shed, Makola",Provisions & Rice Merchant,Makola Market,350,9200,Islam,Central Mosque Abossey Okai,Sheikh Osmanu Nuhu,0244556677,Alhaji Mohammed Gariba,male,,0554433221,GHA-634567890-5,Uncle,Import Agent / Self-Employed,Import Agent,Self-Employed,1978-04-05,"Hse No. 88 Fadama Road, Accra",Islam,Central Mosque Abossey Okai
Makola Branch,Accra Central,Yaa Asantewaa Osei,0245667788,GHA-745678901-4,Osei Tutu,46,1980-09-18,widow,"Hse No. 71 Kojo Thompson Rd, Tudu",Kumasi Ashanti,"Stall #102 Spices Block, Makola",Spices & Vegetables Wholesaler,Makola Market,300,7800,Christianity,ICGC Christ Temple,Pastor Michael Baidoo,0243990011,Kwadwo Osei,male,,0248776655,GHA-545678901-6,Son,Auto Electrician / Osei Motors Kokompe,Auto Electrician,Osei Motors Kokompe,1998-02-12,"Hse No. 71 Kojo Thompson Rd, Tudu",Christianity,ICGC Christ Temple
Makola Branch,Accra Central,Akua Agyapomaa Dankwa,0209223344,GHA-756789012-5,Kwabena Dankwa,29,1997-05-30,unmarried,"Room 8 Osu Alata, Accra",Larteh Akuapem,"Stall #05 Jewelry Row, Makola",Cosmetics & Accessories,Makola Market,180,4800,Christianity,Methodist Church Osu,Rev. Paulina Sowah,0204112299,Ebenezer Dankwa,male,,0203344556,GHA-656789012-7,Brother,Civil Servant / Registrar General Dept,Civil Servant,Registrar General Dept,1993-10-08,"Flat 4 Ridge Staff Quarters, Accra",Christianity,Methodist Church Osu
Kaneshie Branch,Kaneshie West,Comfort Korkor Tetteh,0246334455,GHA-767890123-6,Tetteh Wayo,40,1986-11-04,married,"Hse No. K14/2 Bubiashie, Accra",Ada Foah,"Stall #63 Fish Section, Kaneshie Complex",Smoked & Fresh Fish Wholesaler,Kaneshie Market,400,10500,Christianity,Royalhouse Chapel Kaneshie,Rev. Joshua Sam,0241998877,Seth Nii Tetteh,male,,0247665544,GHA-567890123-8,Brother,Fisheries Inspector / Ministry of Fisheries,Fisheries Inspector,Ministry of Fisheries,1982-01-25,"Hse No. 34 Dansoman Last Stop",Christianity,Royalhouse Chapel Kaneshie
Kaneshie Branch,Kaneshie West,Grace Naa Lamiley Mills,0541778899,GHA-778901234-7,Nii Mills,35,1991-08-19,divorced,"Hse No. D9 Darkuman, Accra",Jamestown British Accra,"Shop 28 2nd Floor, Kaneshie Complex",Children Garments & Uniforms,Kaneshie Market,210,5500,Christianity,Perez Chapel Kaneshie,Bishop James Mensah,0543221100,Daniel Nii Armah,male,,0549001122,GHA-678901234-9,Brother,Store Manager / FanMilk Depot Kaneshie,Store Manager,FanMilk Depot Kaneshie,1989-12-03,"Hse No. D9 Darkuman, Accra",Christianity,Perez Chapel Kaneshie
Kaneshie Branch,Kaneshie West,Mary Akosua Frempong,0205889900,GHA-789012345-8,Frempong Manso,48,1978-04-16,married,"Hse No. 102 Odorkor Official Town",Nkawkaw Eastern Region,"Stall #09 Grains Hub, Kaneshie",Cereals Beans & Maize Merchant,Kaneshie Market,320,8400,Christianity,Assemblies of God Odorkor,Rev. Francis Poku,0206117788,Patrick Ofori Frempong,male,,0208223399,GHA-589012345-0,Husband,Senior Logistics Officer / Ghana Cocoa Board,Senior Logistics Officer,Ghana Cocoa Board,1974-09-28,"Hse No. 102 Odorkor Official Town",Christianity,Assemblies of God Odorkor
Kaneshie Branch,Kaneshie West,Zainab Aminu Toure,0277112233,GHA-790123456-9,Aminu Toure,33,1993-02-27,married,"Hse No. Z5 Sabon Zongo, Accra",Bawku Upper East,"Stall #18 Yams Depot, Kaneshie",Yams & Plantain Bulk Retailer,Kaneshie Market,260,6800,Islam,Al-Huda Mosque Zongo,Imam Abdul Razak,0273889944,Murtala Aminu,male,,0275990011,GHA-690123456-1,Brother,Customs Clearing Clerk / Tema Harbour Agents,Customs Clearing Clerk,Tema Harbour Agents,1990-07-14,"Hse No. Z5 Sabon Zongo, Accra",Islam,Al-Huda Mosque Zongo
Kaneshie Branch,Kaneshie West,Eunice Adwoa Ansong,0553445566,GHA-701234567-0,Kwadwo Ansong,31,1995-12-08,married,"Flat 2 Mataheko Flats, Accra",Begoro Eastern Region,"Shop 4B Meat & Coldstore, Kaneshie",Frozen Foods & Poultry,Kaneshie Market,350,9100,Christianity,Church of Pentecost Mataheko,Elder Joseph Asare,0558112233,Samuel Kwame Ansong,male,,0552778899,GHA-501234567-2,Uncle,Veterinary Officer / MoFA Kaneshie,Veterinary Officer,MoFA Kaneshie,1977-03-21,"Plot 8 Santa Maria, Accra",Christianity,Church of Pentecost Mataheko
Kantamanto Branch,Osu Klottey,Mercy Dede Tagoe,0242556677,GHA-712398765-1,Tagoe Quaye,44,1982-10-15,married,"Hse No. GA-112 Bukom, Accra",Sempe British Accra,"Boutique 18 Blue Shed, Kantamanto",Imported Jeans & Trousers,Kantamanto Market,380,9800,Christianity,Methodist Church Cathedral Bukom,Rev. Samuel Tagoe,0249008877,Robert Nii Tagoe,male,,0241445566,GHA-612398765-3,Brother,Deck Officer / Volta River Authority,Deck Officer,Volta River Authority,1979-05-18,"Flat B6 Tema Community 2",Christianity,Methodist Church Cathedral Bukom
Kantamanto Branch,Osu Klottey,Vivian Enyonam Senaya,0204778899,GHA-723498765-2,Kofi Senaya,37,1989-06-25,abandoned,"Hse No. 49 Agbogbloshie Lane, Accra",Anfoega Volta Region,"Stall #74 Shoe Line, Kantamanto",Leather Bags & Luggage,Kantamanto Market,240,6200,Christianity,Global Evangelical Church Adabraka,Rev. Victor Dzidzienyo,0202334411,Kwami Senaya,male,,0208990011,GHA-523498765-4,Brother,Warehouse Supervisor / Kpone Warehouse,Warehouse Supervisor,Kpone Warehouse,1985-01-30,"Hse No. 12 Ashaiman Lebanon",Christianity,Global Evangelical Church Adabraka
Kantamanto Branch,Osu Klottey,Joyce Afua Boadi,0551889900,GHA-734598765-3,Boadi Mensah,41,1985-03-09,married,"Hse No. R15 Russia Road, Accra",Nkawkaw Eastern Region,"Stall #31 Beddings Row, Kantamanto",Curtains Bedspreads & Towels,Kantamanto Market,290,7500,Christianity,Christ Apostolic Church Tudu,Apostle Noah Boadi,0557443322,Peter Kwaku Boadi,male,,0556112233,GHA-634598765-5,Brother,Electrical Contractor / Self-Employed,Electrical Contractor,Self-Employed,1981-11-22,"Plot 18 Ablekuma Fanmilk",Christianity,Christ Apostolic Church Tudu
Kantamanto Branch,Osu Klottey,Hauwa Mohammed Bello,0272990011,GHA-745698765-4,Mohammed Bello,36,1990-11-20,married,"Hse No. 44 Cowlane, Accra",Bawku Upper East,"Stall #122 Textile Yard, Kantamanto",Lace Fabrics & Headties,Kantamanto Market,310,8100,Islam,Katamanto Muslim Community Mosque,Imam Yussif Mohammed,0271556677,Malam Bello Mohammed,male,,0278223344,GHA-545698765-6,Father,Retired Teacher / Ghana Education Service,Retired Teacher,Ghana Education Service,1962-08-14,"Hse No. 44 Cowlane, Accra",Islam,Katamanto Muslim Community Mosque
Kantamanto Branch,Osu Klottey,Beatrice Yeboah Mensah,0548112233,GHA-756798765-5,Kwasi Mensah,50,1976-02-18,married,"Hse No. 19 Chorkor Alata, Accra",Sunyani Bono Region,"Stall #89 Kitchenware Section, Kantamanto",Stainless Utensils & Cookware,Kantamanto Market,270,7000,Christianity,Church of Pentecost Chorkor,Elder David Yeboah,0542334455,Joseph Kwasi Yeboah,male,,0547889900,GHA-656798765-7,Son,Mechanical Engineer / Auto Parts Logistics,Mechanical Engineer,Auto Parts Logistics,1996-07-09,"Flat 12 Dansoman Estates",Christianity,Church of Pentecost Chorkor
Madina Branch,Madina Market,Patience Aku Dzifa Gbadegbe,0249223344,GHA-767898765-6,Gbadegbe Kodzo,39,1987-12-14,married,"Hse No. M14 Madina Zongo Junction",Kpedze Volta Region,"Stall #15 Vegetable Hub, Madina Market",Fresh Tomatoes Pepper & Garden Eggs,Madina Market,260,6800,Christianity,EP Church Madina,Rev. Daniel Gbadegbe,0246554433,Prosper Kodzo Gbadegbe,male,,0243119988,GHA-567898765-8,Brother,Senior Field Technician / ECG Madina District,Senior Field Technician,ECG Madina District,1983-09-02,"Hse No. 55 Adenta Housing",Christianity,EP Church Madina
Madina Branch,Madina Market,Salma Mumuni Alhassan,0201334455,GHA-778998765-7,Mumuni Alhassan,32,1994-08-05,married,"Hse No. 90 Ritz Junction, Madina",Yendi Northern Region,"Shop 22 Madina Market Complex",Plastic Wares & Bowls Wholesaler,Madina Market,340,8800,Islam,Madina Central Mosque,Sheikh Abubakar Umar,0208445566,Zakaria Mumuni,male,,0205221100,GHA-678998765-9,Brother,Logistics Coordinator / Haulage Africa Ltd,Logistics Coordinator,Haulage Africa Ltd,1991-04-18,"Hse No. 90 Ritz Junction, Madina",Islam,Madina Central Mosque
Madina Branch,Madina Market,Doris Ama Nyarkoa Opare,0556445566,GHA-789098765-8,Kwame Opare,43,1983-05-12,married,"Hse No. 18 Oyarifa Road, Madina",Adukrom Akuapem,"Stall #50 Grains Yard, Madina Market",Beans Gari & Plantain Flour,Madina Market,230,6000,Christianity,Presbyterian Church Madina Estates,Rev. Kingsley Opare,0559778899,Ernest Kwabena Opare,male,,0554112233,GHA-589098765-0,Husband,Civil Engineer / Oyarifa Construction Ltd,Civil Engineer,Oyarifa Construction Ltd,1979-11-23,"Hse No. 18 Oyarifa Road, Madina",Christianity,Presbyterian Church Madina Estates
Madina Branch,Madina Market,Janet Korkor Mensah,0547556677,GHA-790198765-9,Mensah Abbey,30,1996-01-29,unmarried,"Room 3 Atomic Junction, Accra",Kpone Katamanso,"Stall #08 Cosmetics & Wigs, Madina",Hair Extensions Cosmetics & Jewelry,Madina Market,200,5200,Christianity,ICGC Zoe Temple Madina,Pastor Frank Mensah,0543998811,Charles Nii Abbey,male,,0541776655,GHA-690198765-1,Brother,Graphic Designer / BrandCraft Studios,Graphic Designer,BrandCraft Studios,1994-06-15,"Room 3 Atomic Junction, Accra",Christianity,ICGC Zoe Temple Madina
Madina Branch,Madina Market,Theresa Adzo Agbavitor,0274667788,GHA-701298765-0,Agbavitor Kofi,47,1979-10-02,widow,"Hse No. 66 Firestone Madina",Vane Avatime Volta Region,"Stall #33 Smoked Meat & Fish, Madina",Smoked Game Bushmeat & Fish,Madina Market,310,8000,Christianity,Catholic Church St. John the Evangelist Madina,Rev. Fr. Dominic Agbavitor,0278334455,Clement Kofi Agbavitor,male,,0272110099,GHA-501298765-2,Brother,Principal Accountant / Ministry of Finance,Principal Accountant,Ministry of Finance,1975-03-17,"Plot 14 Ashongman Estates",Christianity,Catholic Church St. John the Evangelist Madina
